{"cameraMode":{"drawMode":0,"name":"Shaded","section":"Shading Mode"},"sceneLighting":false,"audioPlay":false,"sceneViewState":{"showFog":true,"showMaterialUpdate":false,"showSkybox":false,"showFlares":true,"showImageEffects":true,"showParticleSystems":true},"in2DMode":false,"pivot":{"x":12.313589096069336,"y":6.554651737213135,"z":2.71875},"rotation":{"x":0.4778068959712982,"y":0.08930961042642594,"z":-0.0489061139523983,"w":0.8725443482398987},"size":22.010543823242189,"orthographic":true}