{"cameraMode":{"drawMode":0,"name":"Shaded","section":"Shading Mode"},"sceneLighting":false,"audioPlay":false,"sceneViewState":{"showFog":true,"showMaterialUpdate":false,"showSkybox":false,"showFlares":true,"showImageEffects":true,"showParticleSystems":true},"in2DMode":false,"pivot":{"x":9.4375,"y":10.74016284942627,"z":4.59562873840332},"rotation":{"x":0.1322053074836731,"y":0.4440195560455322,"z":-0.06642591208219528,"w":0.8837172985076904},"size":35.994659423828128,"orthographic":true}