{"cameraMode":{"drawMode":0,"name":"Shaded","section":"Shading Mode"},"sceneLighting":false,"audioPlay":false,"sceneViewState":{"showFog":true,"showMaterialUpdate":false,"showSkybox":false,"showFlares":true,"showImageEffects":true,"showParticleSystems":true},"in2DMode":false,"pivot":{"x":9.054330825805664,"y":8.608448028564454,"z":3.199936866760254},"rotation":{"x":0.07572616636753082,"y":0.6978082656860352,"z":-0.07459893822669983,"w":0.708354651927948},"size":11.608948707580567,"orthographic":true}